,precision,recall,f1-score,support
negativo,0.5789473684210527,0.5176470588235295,0.546583850931677,85.0
neutro,0.6011904761904762,0.6917808219178082,0.643312101910828,146.0
positivo,0.7570621468926554,0.7052631578947368,0.7302452316076294,190.0
accuracy,0.66270783847981,0.66270783847981,0.66270783847981,0.66270783847981
macro avg,0.6457333305013947,0.6382303462120248,0.6400470614833781,421.0
weighted avg,0.6670454720883694,0.66270783847981,0.6630161240228576,421.0
