,precision,recall,f1-score,support
negativo,0.6071428571428571,0.6589147286821705,0.6319702602230484,129.0
neutro,0.2966101694915254,0.32407407407407407,0.30973451327433627,108.0
positivo,0.8345323741007195,0.725,0.7759197324414716,160.0
accuracy,0.5944584382871536,0.5944584382871536,0.5944584382871536,0.5944584382871536
macro avg,0.5794284669117006,0.5693296009187482,0.5725415019796188,397.0
weighted avg,0.6143085811904998,0.5944584382871536,0.602324050864073,397.0
