,precision,recall,f1-score,support
negativo,0.611764705882353,0.5,0.5502645502645502,104.0
neutro,0.5448717948717948,0.68,0.604982206405694,125.0
positivo,0.7361963190184049,0.6857142857142857,0.7100591715976331,175.0
accuracy,0.6361386138613861,0.6361386138613861,0.6361386138613861,0.6361386138613861
macro avg,0.6309442732575176,0.621904761904762,0.6217686427559591,404.0
weighted avg,0.6449674742548513,0.6361386138613861,0.6364124852916108,404.0
