,precision,recall,f1-score,support
negativo,0.6222222222222222,0.6511627906976745,0.6363636363636364,129.0
neutro,0.6515679442508711,0.8461538461538461,0.7362204724409449,221.0
positivo,0.898936170212766,0.65,0.7544642857142857,260.0
accuracy,0.7213114754098361,0.7213114754098361,0.7213114754098361,0.7213114754098361
macro avg,0.7242421122286197,0.7157722122838401,0.709016131506289,610.0
weighted avg,0.7507976829531611,0.7213114754098361,0.7228792586656921,610.0
