,precision,recall,f1-score,support
negativo,0.5774647887323944,0.5942028985507246,0.5857142857142857,69.0
neutro,0.6309523809523809,0.6973684210526315,0.6625,152.0
positivo,0.8105263157894737,0.7403846153846154,0.7738693467336684,208.0
accuracy,0.7016317016317016,0.7016317016317016,0.7016317016317016,0.7016317016317016
macro avg,0.6729811618247497,0.6773186449959905,0.6740278774826512,429.0
weighted avg,0.709415631728456,0.7016317016317016,0.7041471091722349,429.0
