,precision,recall,f1-score,support
negativo,0.5285714285714286,0.5362318840579711,0.5323741007194245,69.0
neutro,0.581151832460733,0.7302631578947368,0.6472303206997084,152.0
positivo,0.8452380952380952,0.6826923076923077,0.7553191489361702,208.0
accuracy,0.675990675990676,0.675990675990676,0.675990675990676,0.675990675990676
macro avg,0.6516537854234189,0.6497291165483385,0.6449745234517676,429.0
weighted avg,0.7007366687994959,0.675990675990676,0.6811636472604181,429.0
