,precision,recall,f1-score,support
negativo,0.5658914728682171,0.5658914728682171,0.5658914728682171,129.0
neutro,0.637065637065637,0.746606334841629,0.6875,221.0
positivo,0.8468468468468469,0.7230769230769231,0.7800829875518672,260.0
accuracy,0.6983606557377049,0.6983606557377049,0.6983606557377049,0.6983606557377049
macro avg,0.6832679855935669,0.6785249102622565,0.6778248201400281,610.0
weighted avg,0.7114289933962065,0.6983606557377049,0.7012443881368615,610.0
