,precision,recall,f1-score,support
negativo,0.6293103448275862,0.6293103448275862,0.6293103448275862,116.0
neutro,0.6192893401015228,0.7052023121387283,0.6594594594594595,173.0
positivo,0.8447488584474886,0.7613168724279835,0.8008658008658008,243.0
accuracy,0.7142857142857143,0.7142857142857143,0.7142857142857143,0.7142857142857143
macro avg,0.6977828477921992,0.6986098431314326,0.6965452017176155,532.0
weighted avg,0.7244568203765098,0.7142857142857143,0.7174753310091655,532.0
