,precision,recall,f1-score,support
negativo,0.5681818181818182,0.646551724137931,0.6048387096774194,116.0
neutro,0.61,0.7052023121387283,0.6541554959785523,173.0
positivo,0.85,0.6995884773662552,0.7674943566591422,243.0
accuracy,0.6898496240601504,0.6898496240601504,0.6898496240601504,0.6898496240601504
macro avg,0.6760606060606061,0.6837808378809714,0.6754961874383714,532.0
weighted avg,0.7105058099794942,0.6898496240601504,0.6951716537500785,532.0
