,precision,recall,f1-score,support
negativo,0.554140127388535,0.6744186046511628,0.6083916083916084,129.0
neutro,0.1875,0.16666666666666666,0.17647058823529413,108.0
positivo,0.8125,0.73125,0.7697368421052632,160.0
accuracy,0.5591939546599496,0.5591939546599496,0.5591939546599496,0.5591939546599496
macro avg,0.5180467091295117,0.5241117571059432,0.5181996795773886,397.0
weighted avg,0.5585241219977859,0.5591939546599496,0.5559174703999279,397.0
