,precision,recall,f1-score,support
negativo,0.6351351351351351,0.4519230769230769,0.5280898876404494,104.0
neutro,0.5668789808917197,0.712,0.6312056737588653,125.0
positivo,0.7514450867052023,0.7428571428571429,0.7471264367816092,175.0
accuracy,0.6584158415841584,0.6584158415841584,0.6584158415841584,0.6584158415841584
macro avg,0.6511530675773524,0.6355934065934066,0.6354739993936414,404.0
weighted avg,0.6643980614824986,0.6584158415841584,0.6548742177506102,404.0
