epoch,train_accuracy,train_precision_macro,train_recall_macro,train_f1_macro,train_precision_weighted,train_recall_weighted,train_f1_weighted,train_loss,validation_accuracy,validation_precision_macro,validation_recall_macro,validation_f1_macro,validation_precision_weighted,validation_recall_weighted,validation_f1_weighted,validation_loss
1,0.4928,0.4485,0.4478,0.4479,0.4915,0.4928,0.4919,1.049821,0.6267,0.7726,0.5185,0.4654,0.7323,0.6267,0.5766,0.931621
2,0.6144,0.5844,0.5819,0.5802,0.6304,0.6144,0.6188,0.898824,0.6187,0.5597,0.5575,0.5549,0.6277,0.6187,0.619,0.923105
3,0.6278,0.6082,0.618,0.6086,0.6483,0.6278,0.6344,0.834894,0.664,0.6299,0.6151,0.6127,0.6822,0.664,0.6626,0.851485
4,0.6832,0.6685,0.6829,0.6705,0.7025,0.6832,0.6882,0.743085,0.632,0.6125,0.6264,0.606,0.6753,0.632,0.6386,0.824704
5,0.7246,0.707,0.7228,0.7111,0.7392,0.7246,0.7287,0.656996,0.648,0.6146,0.629,0.6197,0.6595,0.648,0.652,0.828915
6,0.7526,0.7373,0.7589,0.7432,0.7671,0.7526,0.7559,0.586687,0.672,0.6585,0.6446,0.6419,0.6978,0.672,0.6736,0.845279
