epoch,train_accuracy,train_precision_macro,train_recall_macro,train_f1_macro,train_precision_weighted,train_recall_weighted,train_f1_weighted,train_loss,validation_accuracy,validation_precision_macro,validation_recall_macro,validation_f1_macro,validation_precision_weighted,validation_recall_weighted,validation_f1_weighted,validation_loss
1,0.4845,0.417,0.4207,0.4147,0.4622,0.4845,0.4705,1.06613,0.624,0.4386,0.5132,0.4542,0.5662,0.624,0.5708,0.979712
2,0.618,0.58,0.5641,0.5625,0.6227,0.618,0.6116,0.955894,0.6427,0.5794,0.5672,0.5623,0.6434,0.6427,0.6336,0.939266
3,0.6361,0.6051,0.6024,0.6021,0.6449,0.6361,0.6385,0.868359,0.6453,0.5906,0.566,0.5576,0.6516,0.6453,0.6316,0.904675
4,0.6879,0.6693,0.6758,0.6704,0.6991,0.6879,0.6912,0.76641,0.648,0.6184,0.6371,0.619,0.6819,0.648,0.6569,0.863023
5,0.7334,0.7137,0.7193,0.7157,0.7392,0.7334,0.7354,0.686215,0.6453,0.6159,0.6126,0.6142,0.644,0.6453,0.6446,0.902398
6,0.7826,0.7668,0.7745,0.7703,0.7846,0.7826,0.7833,0.589382,0.6693,0.6411,0.6244,0.6297,0.6703,0.6693,0.6677,1.078256
7,0.8313,0.8177,0.826,0.8215,0.8332,0.8313,0.832,0.519466,0.6613,0.6265,0.6171,0.6211,0.659,0.6613,0.6598,1.185038
8,0.8551,0.8464,0.8484,0.8473,0.8558,0.8551,0.8554,0.464503,0.6427,0.6204,0.5824,0.5921,0.6411,0.6427,0.6321,1.434832
