epoch,train_accuracy,train_precision_macro,train_recall_macro,train_f1_macro,train_precision_weighted,train_recall_weighted,train_f1_weighted,train_loss,validation_accuracy,validation_precision_macro,validation_recall_macro,validation_f1_macro,validation_precision_weighted,validation_recall_weighted,validation_f1_weighted,validation_loss
1,0.3824,0.4602,0.4056,0.3681,0.4846,0.3824,0.3735,1.030085,0.5534,0.5905,0.543,0.5473,0.6426,0.5534,0.5792,0.875871
2,0.6861,0.7069,0.6838,0.6822,0.7398,0.6861,0.7009,0.69248,0.4986,0.5952,0.5031,0.4946,0.6586,0.4986,0.5254,1.068485
3,0.8678,0.8602,0.8641,0.86,0.877,0.8678,0.8706,0.417273,0.6,0.579,0.5567,0.5579,0.6283,0.6,0.6056,1.566542
4,0.922,0.9148,0.9198,0.9169,0.9239,0.922,0.9226,0.31937,0.6082,0.5885,0.5676,0.5726,0.6397,0.6082,0.6193,1.734866
5,0.9476,0.9425,0.9475,0.9447,0.9489,0.9476,0.948,0.219135,0.5534,0.5694,0.523,0.5211,0.6252,0.5534,0.5675,2.186951
6,0.9625,0.9591,0.9634,0.9611,0.9631,0.9625,0.9626,0.173316,0.6575,0.6132,0.6166,0.613,0.6601,0.6575,0.6569,1.946913
7,0.9637,0.9601,0.9644,0.9621,0.9642,0.9637,0.9638,0.150746,0.5753,0.5734,0.5404,0.5442,0.6273,0.5753,0.5904,2.279946
8,0.9702,0.9673,0.9702,0.9687,0.9705,0.9702,0.9703,0.115867,0.5808,0.5681,0.5408,0.5461,0.6225,0.5808,0.5945,2.292954
